trace,cache_size,assoc,block_size,reads,writes,read_miss,write_miss,replacements,read_miss_rate,write_miss_rate,total_miss_rate
trace files/022.li.din,8192,1,16,155399,102350,7282,6171,12941,4.6860,6.0293,5.2194
trace files/022.li.din,8192,1,32,155399,102350,6153,3989,9886,3.9595,3.8974,3.9348
trace files/022.li.din,8192,1,64,155399,102350,7114,3059,10045,4.5779,2.9888,3.9469
trace files/022.li.din,8192,1,128,155399,102350,8177,3265,11378,5.2619,3.1900,4.4392
trace files/022.li.din,8192,2,16,155399,102350,4894,5341,9723,3.1493,5.2184,3.9709
trace files/022.li.din,8192,2,32,155399,102350,3359,2906,6009,2.1615,2.8393,2.4307
trace files/022.li.din,8192,2,64,155399,102350,2692,1652,4216,1.7323,1.6141,1.6854
trace files/022.li.din,8192,2,128,155399,102350,2420,1018,3374,1.5573,0.9946,1.3339
trace files/022.li.din,8192,4,16,155399,102350,4623,5271,9382,2.9749,5.1500,3.8386
trace files/022.li.din,8192,4,32,155399,102350,2970,2809,5523,1.9112,2.7445,2.2421
trace files/022.li.din,8192,4,64,155399,102350,2114,1541,3527,1.3604,1.5056,1.4180
trace files/022.li.din,8192,4,128,155399,102350,1749,872,2557,1.1255,0.8520,1.0169
trace files/022.li.din,8192,8,16,155399,102350,4499,5206,9193,2.8951,5.0865,3.7653
trace files/022.li.din,8192,8,32,155399,102350,2872,2784,5400,1.8481,2.7201,2.1944
trace files/022.li.din,8192,8,64,155399,102350,2008,1513,3393,1.2922,1.4783,1.3661
trace files/022.li.din,8192,8,128,155399,102350,1511,840,2287,0.9723,0.8207,0.9121
trace files/022.li.din,16384,1,16,155399,102350,4386,4321,7683,2.8224,4.2218,3.3781
trace files/022.li.din,16384,1,32,155399,102350,3672,2788,5948,2.3629,2.7240,2.5063
trace files/022.li.din,16384,1,64,155399,102350,3567,2151,5462,2.2954,2.1016,2.2184
trace files/022.li.din,16384,1,128,155399,102350,4182,2084,6138,2.6911,2.0362,2.4310
trace files/022.li.din,16384,2,16,155399,102350,2761,3414,5151,1.7767,3.3356,2.3957
trace files/022.li.din,16384,2,32,155399,102350,1808,1876,3172,1.1635,1.8329,1.4293
trace files/022.li.din,16384,2,64,155399,102350,1371,1060,2175,0.8822,1.0357,0.9432
trace files/022.li.din,16384,2,128,155399,102350,1110,626,1608,0.7143,0.6116,0.6735
trace files/022.li.din,16384,4,16,155399,102350,2501,3314,4791,1.6094,3.2379,2.2561
trace files/022.li.din,16384,4,32,155399,102350,1496,1809,2793,0.9627,1.7675,1.2823
trace files/022.li.din,16384,4,64,155399,102350,1033,989,1766,0.6647,0.9663,0.7845
trace files/022.li.din,16384,4,128,155399,102350,707,528,1107,0.4550,0.5159,0.4791
trace files/022.li.din,16384,8,16,155399,102350,2413,3307,4696,1.5528,3.2311,2.2192
trace files/022.li.din,16384,8,32,155399,102350,1417,1794,2699,0.9118,1.7528,1.2458
trace files/022.li.din,16384,8,64,155399,102350,926,964,1634,0.5959,0.9419,0.7333
trace files/022.li.din,16384,8,128,155399,102350,633,512,1017,0.4073,0.5002,0.4442
trace files/022.li.din,32768,1,16,155399,102350,3425,4053,5980,2.2040,3.9599,2.9013
trace files/022.li.din,32768,1,32,155399,102350,2885,2611,4709,1.8565,2.5511,2.1323
trace files/022.li.din,32768,1,64,155399,102350,2836,1991,4400,1.8250,1.9453,1.8728
trace files/022.li.din,32768,1,128,155399,102350,3002,1885,4670,1.9318,1.8417,1.8960
trace files/022.li.din,32768,2,16,155399,102350,1243,3008,2292,0.7999,2.9389,1.6493
trace files/022.li.din,32768,2,32,155399,102350,743,1647,1395,0.4781,1.6092,0.9273
trace files/022.li.din,32768,2,64,155399,102350,468,896,852,0.3012,0.8754,0.5292
trace files/022.li.din,32768,2,128,155399,102350,310,483,537,0.1995,0.4719,0.3077
trace files/022.li.din,32768,4,16,155399,102350,1365,2947,2300,0.8784,2.8793,1.6729
trace files/022.li.din,32768,4,32,155399,102350,778,1626,1391,0.5006,1.5887,0.9327
trace files/022.li.din,32768,4,64,155399,102350,452,872,812,0.2909,0.8520,0.5137
trace files/022.li.din,32768,4,128,155399,102350,281,457,482,0.1808,0.4465,0.2863
trace files/022.li.din,32768,8,16,155399,102350,1307,2821,2080,0.8411,2.7562,1.6016
trace files/022.li.din,32768,8,32,155399,102350,712,1555,1243,0.4582,1.5193,0.8795
trace files/022.li.din,32768,8,64,155399,102350,383,844,715,0.2465,0.8246,0.4760
trace files/022.li.din,32768,8,128,155399,102350,223,445,412,0.1435,0.4348,0.2592
trace files/022.li.din,65536,1,16,155399,102350,1160,2905,1534,0.7465,2.8383,1.5771
trace files/022.li.din,65536,1,32,155399,102350,795,1595,1045,0.5116,1.5584,0.9273
trace files/022.li.din,65536,1,64,155399,102350,636,912,836,0.4093,0.8911,0.6006
trace files/022.li.din,65536,1,128,155399,102350,585,555,775,0.3765,0.5423,0.4423
trace files/022.li.din,65536,2,16,155399,102350,701,2738,763,0.4511,2.6751,1.3342
trace files/022.li.din,65536,2,32,155399,102350,463,1492,561,0.2979,1.4577,0.7585
trace files/022.li.din,65536,2,64,155399,102350,290,802,357,0.1866,0.7836,0.4237
trace files/022.li.din,65536,2,128,155399,102350,194,424,242,0.1248,0.4143,0.2398
trace files/022.li.din,65536,4,16,155399,102350,581,2747,429,0.3739,2.6839,1.2912
trace files/022.li.din,65536,4,32,155399,102350,347,1499,335,0.2233,1.4646,0.7162
trace files/022.li.din,65536,4,64,155399,102350,192,799,192,0.1236,0.7807,0.3845
trace files/022.li.din,65536,4,128,155399,102350,103,412,103,0.0663,0.4025,0.1998
trace files/022.li.din,65536,8,16,155399,102350,447,2696,93,0.2876,2.6341,1.2194
trace files/022.li.din,65536,8,32,155399,102350,255,1455,101,0.1641,1.4216,0.6634
trace files/022.li.din,65536,8,64,155399,102350,152,772,73,0.0978,0.7543,0.3585
trace files/022.li.din,65536,8,128,155399,102350,91,400,55,0.0586,0.3908,0.1905
trace files/047.tomcatv.din,8192,1,16,253723,130733,9330,33894,42712,3.6772,25.9261,11.2429
trace files/047.tomcatv.din,8192,1,32,253723,130733,5782,17788,23314,2.2789,13.6064,6.1307
trace files/047.tomcatv.din,8192,1,64,253723,130733,4468,9957,14297,1.7610,7.6163,3.7521
trace files/047.tomcatv.din,8192,1,128,253723,130733,4897,6431,11264,1.9301,4.9192,2.9465
trace files/047.tomcatv.din,8192,2,16,253723,130733,8461,33758,41707,3.3347,25.8221,10.9815
trace files/047.tomcatv.din,8192,2,32,253723,130733,4687,18034,22465,1.8473,13.7945,5.9099
trace files/047.tomcatv.din,8192,2,64,253723,130733,2935,10517,13324,1.1568,8.0446,3.4990
trace files/047.tomcatv.din,8192,2,128,253723,130733,2374,7515,9825,0.9357,5.7484,2.5722
trace files/047.tomcatv.din,8192,4,16,253723,130733,587,33574,33649,0.2314,25.6814,8.8855
trace files/047.tomcatv.din,8192,4,32,253723,130733,578,17471,17793,0.2278,13.3639,4.6947
trace files/047.tomcatv.din,8192,4,64,253723,130733,670,9503,10045,0.2641,7.2690,2.6461
trace files/047.tomcatv.din,8192,4,128,253723,130733,659,5469,6064,0.2597,4.1833,1.5939
trace files/047.tomcatv.din,8192,8,16,253723,130733,400,33126,33014,0.1577,25.3387,8.7204
trace files/047.tomcatv.din,8192,8,32,253723,130733,270,16767,16781,0.1064,12.8254,4.4315
trace files/047.tomcatv.din,8192,8,64,253723,130733,214,8618,8704,0.0843,6.5921,2.2973
trace files/047.tomcatv.din,8192,8,128,253723,130733,195,4551,4682,0.0769,3.4811,1.2345
trace files/047.tomcatv.din,16384,1,16,253723,130733,5027,33661,37664,1.9813,25.7479,10.0631
trace files/047.tomcatv.din,16384,1,32,253723,130733,3130,17399,20017,1.2336,13.3088,5.3398
trace files/047.tomcatv.din,16384,1,64,253723,130733,2241,9312,11297,0.8832,7.1229,3.0050
trace files/047.tomcatv.din,16384,1,128,253723,130733,2475,5479,7826,0.9755,4.1910,2.0689
trace files/047.tomcatv.din,16384,2,16,253723,130733,329,33181,32486,0.1297,25.3807,8.7162
trace files/047.tomcatv.din,16384,2,32,253723,130733,263,17074,16825,0.1037,13.0602,4.5095
trace files/047.tomcatv.din,16384,2,64,253723,130733,232,8924,8900,0.0914,6.8261,2.3815
trace files/047.tomcatv.din,16384,2,128,253723,130733,213,4852,4937,0.0839,3.7114,1.3174
trace files/047.tomcatv.din,16384,4,16,253723,130733,266,33116,32358,0.1048,25.3310,8.6829
trace files/047.tomcatv.din,16384,4,32,253723,130733,199,16759,16446,0.0784,12.8193,4.4109
trace files/047.tomcatv.din,16384,4,64,253723,130733,168,8576,8488,0.0662,6.5599,2.2744
trace files/047.tomcatv.din,16384,4,128,253723,130733,149,4490,4511,0.0587,3.4345,1.2066
trace files/047.tomcatv.din,16384,8,16,253723,130733,266,33117,32359,0.1048,25.3318,8.6832
trace files/047.tomcatv.din,16384,8,32,253723,130733,199,16759,16446,0.0784,12.8193,4.4109
trace files/047.tomcatv.din,16384,8,64,253723,130733,168,8608,8520,0.0662,6.5844,2.2827
trace files/047.tomcatv.din,16384,8,128,253723,130733,149,4534,4555,0.0587,3.4681,1.2181
trace files/047.tomcatv.din,32768,1,16,253723,130733,2706,33514,34172,1.0665,25.6355,9.4211
trace files/047.tomcatv.din,32768,1,32,253723,130733,1752,17206,17934,0.6905,13.1612,4.9311
trace files/047.tomcatv.din,32768,1,64,253723,130733,1281,9040,9809,0.5049,6.9149,2.6846
trace files/047.tomcatv.din,32768,1,128,253723,130733,1296,4984,6024,0.5108,3.8124,1.6335
trace files/047.tomcatv.din,32768,2,16,253723,130733,257,33109,31318,0.1013,25.3257,8.6788
trace files/047.tomcatv.din,32768,2,32,253723,130733,193,16751,15920,0.0761,12.8131,4.4073
trace files/047.tomcatv.din,32768,2,64,253723,130733,166,8571,8225,0.0654,6.5561,2.2726
trace files/047.tomcatv.din,32768,2,128,253723,130733,149,4485,4378,0.0587,3.4307,1.2053
trace files/047.tomcatv.din,32768,4,16,253723,130733,253,33105,31310,0.0997,25.3226,8.6767
trace files/047.tomcatv.din,32768,4,32,253723,130733,192,16752,15920,0.0757,12.8139,4.4073
trace files/047.tomcatv.din,32768,4,64,253723,130733,168,8573,8229,0.0662,6.5576,2.2736
trace files/047.tomcatv.din,32768,4,128,253723,130733,149,4484,4377,0.0587,3.4299,1.2051
trace files/047.tomcatv.din,32768,8,16,253723,130733,254,33105,31311,0.1001,25.3226,8.6769
trace files/047.tomcatv.din,32768,8,32,253723,130733,191,16752,15919,0.0753,12.8139,4.4070
trace files/047.tomcatv.din,32768,8,64,253723,130733,167,8574,8229,0.0658,6.5584,2.2736
trace files/047.tomcatv.din,32768,8,128,253723,130733,149,4484,4377,0.0587,3.4299,1.2051
trace files/047.tomcatv.din,65536,1,16,253723,130733,1546,33434,30884,0.6093,25.5743,9.0986
trace files/047.tomcatv.din,65536,1,32,253723,130733,1064,17106,16122,0.4194,13.0847,4.7262
trace files/047.tomcatv.din,65536,1,64,253723,130733,833,8934,8743,0.3283,6.8338,2.5405
trace files/047.tomcatv.din,65536,1,128,253723,130733,818,4847,5153,0.3224,3.7076,1.4735
trace files/047.tomcatv.din,65536,2,16,253723,130733,241,33093,29238,0.0950,25.3134,8.6704
trace files/047.tomcatv.din,65536,2,32,253723,130733,181,16739,14872,0.0713,12.8040,4.4010
trace files/047.tomcatv.din,65536,2,64,253723,130733,153,8558,7687,0.0603,6.5462,2.2658
trace files/047.tomcatv.din,65536,2,128,253723,130733,139,4474,4101,0.0548,3.4222,1.1999
trace files/047.tomcatv.din,65536,4,16,253723,130733,237,33089,29230,0.0934,25.3104,8.6684
trace files/047.tomcatv.din,65536,4,32,253723,130733,177,16735,14864,0.0698,12.8009,4.3989
trace files/047.tomcatv.din,65536,4,64,253723,130733,151,8558,7685,0.0595,6.5462,2.2653
trace files/047.tomcatv.din,65536,4,128,253723,130733,145,4479,4112,0.0571,3.4261,1.2027
trace files/047.tomcatv.din,65536,8,16,253723,130733,237,33089,29230,0.0934,25.3104,8.6684
trace files/047.tomcatv.din,65536,8,32,253723,130733,179,16736,14867,0.0705,12.8017,4.3997
trace files/047.tomcatv.din,65536,8,64,253723,130733,152,8559,7687,0.0599,6.5469,2.2658
trace files/047.tomcatv.din,65536,8,128,253723,130733,149,4483,4120,0.0587,3.4291,1.2048
trace files/078.swm256.din,8192,1,16,192459,9894,255,2186,1929,0.1325,22.0942,1.2063
trace files/078.swm256.din,8192,1,32,192459,9894,309,1214,1267,0.1606,12.2701,0.7526
trace files/078.swm256.din,8192,1,64,192459,9894,329,706,907,0.1709,7.1356,0.5115
trace files/078.swm256.din,8192,1,128,192459,9894,506,645,1087,0.2629,6.5191,0.5688
trace files/078.swm256.din,8192,2,16,192459,9894,79,2082,1649,0.0410,21.0431,1.0679
trace files/078.swm256.din,8192,2,32,192459,9894,83,1050,877,0.0431,10.6125,0.5599
trace files/078.swm256.din,8192,2,64,192459,9894,67,527,466,0.0348,5.3265,0.2935
trace files/078.swm256.din,8192,2,128,192459,9894,80,281,297,0.0416,2.8401,0.1784
trace files/078.swm256.din,8192,4,16,192459,9894,56,2078,1622,0.0291,21.0026,1.0546
trace files/078.swm256.din,8192,4,32,192459,9894,44,1046,834,0.0229,10.5721,0.5387
trace files/078.swm256.din,8192,4,64,192459,9894,33,526,431,0.0171,5.3164,0.2762
trace files/078.swm256.din,8192,4,128,192459,9894,48,265,249,0.0249,2.6784,0.1547
trace files/078.swm256.din,8192,8,16,192459,9894,56,2078,1622,0.0291,21.0026,1.0546
trace files/078.swm256.din,8192,8,32,192459,9894,44,1046,834,0.0229,10.5721,0.5387
trace files/078.swm256.din,8192,8,64,192459,9894,33,526,431,0.0171,5.3164,0.2762
trace files/078.swm256.din,8192,8,128,192459,9894,24,265,225,0.0125,2.6784,0.1428
trace files/078.swm256.din,16384,1,16,192459,9894,147,2132,1255,0.0764,21.5484,1.1262
trace files/078.swm256.din,16384,1,32,192459,9894,160,1130,778,0.0831,11.4211,0.6375
trace files/078.swm256.din,16384,1,64,192459,9894,171,616,531,0.0889,6.2260,0.3889
trace files/078.swm256.din,16384,1,128,192459,9894,259,451,582,0.1346,4.5583,0.3509
trace files/078.swm256.din,16384,2,16,192459,9894,56,2078,1110,0.0291,21.0026,1.0546
trace files/078.swm256.din,16384,2,32,192459,9894,44,1046,578,0.0229,10.5721,0.5387
trace files/078.swm256.din,16384,2,64,192459,9894,33,526,303,0.0171,5.3164,0.2762
trace files/078.swm256.din,16384,2,128,192459,9894,40,265,177,0.0208,2.6784,0.1507
trace files/078.swm256.din,16384,4,16,192459,9894,56,2078,1110,0.0291,21.0026,1.0546
trace files/078.swm256.din,16384,4,32,192459,9894,44,1046,578,0.0229,10.5721,0.5387
trace files/078.swm256.din,16384,4,64,192459,9894,33,526,303,0.0171,5.3164,0.2762
trace files/078.swm256.din,16384,4,128,192459,9894,24,265,161,0.0125,2.6784,0.1428
trace files/078.swm256.din,16384,8,16,192459,9894,56,2078,1110,0.0291,21.0026,1.0546
trace files/078.swm256.din,16384,8,32,192459,9894,44,1046,578,0.0229,10.5721,0.5387
trace files/078.swm256.din,16384,8,64,192459,9894,33,526,303,0.0171,5.3164,0.2762
trace files/078.swm256.din,16384,8,128,192459,9894,24,265,161,0.0125,2.6784,0.1428
trace files/078.swm256.din,32768,1,16,192459,9894,93,2105,633,0.0483,21.2755,1.0862
trace files/078.swm256.din,32768,1,32,192459,9894,93,1088,389,0.0483,10.9966,0.5836
trace files/078.swm256.din,32768,1,64,192459,9894,82,571,250,0.0426,5.7712,0.3227
trace files/078.swm256.din,32768,1,128,192459,9894,121,358,274,0.0629,3.6184,0.2367
trace files/078.swm256.din,32768,2,16,192459,9894,56,2078,192,0.0291,21.0026,1.0546
trace files/078.swm256.din,32768,2,32,192459,9894,44,1046,116,0.0229,10.5721,0.5387
trace files/078.swm256.din,32768,2,64,192459,9894,33,526,69,0.0171,5.3164,0.2762
trace files/078.swm256.din,32768,2,128,192459,9894,24,265,43,0.0125,2.6784,0.1428
trace files/078.swm256.din,32768,4,16,192459,9894,56,2078,141,0.0291,21.0026,1.0546
trace files/078.swm256.din,32768,4,32,192459,9894,44,1046,91,0.0229,10.5721,0.5387
trace files/078.swm256.din,32768,4,64,192459,9894,33,526,57,0.0171,5.3164,0.2762
trace files/078.swm256.din,32768,4,128,192459,9894,24,265,37,0.0125,2.6784,0.1428
trace files/078.swm256.din,32768,8,16,192459,9894,56,2078,110,0.0291,21.0026,1.0546
trace files/078.swm256.din,32768,8,32,192459,9894,44,1046,71,0.0229,10.5721,0.5387
trace files/078.swm256.din,32768,8,64,192459,9894,33,526,47,0.0171,5.3164,0.2762
trace files/078.swm256.din,32768,8,128,192459,9894,24,265,33,0.0125,2.6784,0.1428
trace files/078.swm256.din,65536,1,16,192459,9894,65,2084,273,0.0338,21.0633,1.0620
trace files/078.swm256.din,65536,1,32,192459,9894,61,1060,164,0.0317,10.7136,0.5540
trace files/078.swm256.din,65536,1,64,192459,9894,50,541,101,0.0260,5.4680,0.2921
trace files/078.swm256.din,65536,1,128,192459,9894,57,296,100,0.0296,2.9917,0.1744
trace files/078.swm256.din,65536,2,16,192459,9894,56,2078,49,0.0291,21.0026,1.0546
trace files/078.swm256.din,65536,2,32,192459,9894,44,1046,25,0.0229,10.5721,0.5387
trace files/078.swm256.din,65536,2,64,192459,9894,33,526,13,0.0171,5.3164,0.2762
trace files/078.swm256.din,65536,2,128,192459,9894,24,265,7,0.0125,2.6784,0.1428
trace files/078.swm256.din,65536,4,16,192459,9894,56,2078,0,0.0291,21.0026,1.0546
trace files/078.swm256.din,65536,4,32,192459,9894,44,1046,0,0.0229,10.5721,0.5387
trace files/078.swm256.din,65536,4,64,192459,9894,33,526,0,0.0171,5.3164,0.2762
trace files/078.swm256.din,65536,4,128,192459,9894,24,265,0,0.0125,2.6784,0.1428
trace files/078.swm256.din,65536,8,16,192459,9894,56,2078,0,0.0291,21.0026,1.0546
trace files/078.swm256.din,65536,8,32,192459,9894,44,1046,0,0.0229,10.5721,0.5387
trace files/078.swm256.din,65536,8,64,192459,9894,33,526,0,0.0171,5.3164,0.2762
trace files/078.swm256.din,65536,8,128,192459,9894,24,265,0,0.0125,2.6784,0.1428
trace files/085.gcc.din,8192,1,16,139816,80669,5874,5625,10987,4.2012,6.9729,5.2153
trace files/085.gcc.din,8192,1,32,139816,80669,6713,3418,9875,4.8013,4.2371,4.5949
trace files/085.gcc.din,8192,1,64,139816,80669,8861,2590,11323,6.3376,3.2107,5.1936
trace files/085.gcc.din,8192,1,128,139816,80669,11990,2719,14645,8.5756,3.3706,6.6712
trace files/085.gcc.din,8192,2,16,139816,80669,3443,5276,8207,2.4625,6.5403,3.9545
trace files/085.gcc.din,8192,2,32,139816,80669,4093,3111,6948,2.9274,3.8565,3.2673
trace files/085.gcc.din,8192,2,64,139816,80669,6472,2272,8616,4.6289,2.8164,3.9658
trace files/085.gcc.din,8192,2,128,139816,80669,9754,2146,11836,6.9763,2.6603,5.3972
trace files/085.gcc.din,8192,4,16,139816,80669,2586,4919,6993,1.8496,6.0978,3.4039
trace files/085.gcc.din,8192,4,32,139816,80669,2863,2862,5469,2.0477,3.5478,2.5965
trace files/085.gcc.din,8192,4,64,139816,80669,4567,1760,6199,3.2664,2.1818,2.8696
trace files/085.gcc.din,8192,4,128,139816,80669,8526,1599,10061,6.0980,1.9822,4.5921
trace files/085.gcc.din,8192,8,16,139816,80669,2243,4798,6529,1.6043,5.9478,3.1934
trace files/085.gcc.din,8192,8,32,139816,80669,2211,2622,4577,1.5814,3.2503,2.1920
trace files/085.gcc.din,8192,8,64,139816,80669,3704,1483,5059,2.6492,1.8384,2.3525
trace files/085.gcc.din,8192,8,128,139816,80669,6901,1207,8044,4.9358,1.4962,3.6773
trace files/085.gcc.din,16384,1,16,139816,80669,3804,4904,7684,2.7207,6.0792,3.9495
trace files/085.gcc.din,16384,1,32,139816,80669,4301,2720,6509,3.0762,3.3718,3.1843
trace files/085.gcc.din,16384,1,64,139816,80669,5335,1648,6727,3.8157,2.0429,3.1671
trace files/085.gcc.din,16384,1,128,139816,80669,7040,1228,8140,5.0352,1.5223,3.7499
trace files/085.gcc.din,16384,2,16,139816,80669,1812,4737,5525,1.2960,5.8721,2.9703
trace files/085.gcc.din,16384,2,32,139816,80669,1604,2541,3633,1.1472,3.1499,1.8799
trace files/085.gcc.din,16384,2,64,139816,80669,1936,1426,3106,1.3847,1.7677,1.5248
trace files/085.gcc.din,16384,2,128,139816,80669,2995,1032,3899,2.1421,1.2793,1.8264
trace files/085.gcc.din,16384,4,16,139816,80669,1564,4724,5264,1.1186,5.8560,2.8519
trace files/085.gcc.din,16384,4,32,139816,80669,1238,2528,3254,0.8854,3.1338,1.7081
trace files/085.gcc.din,16384,4,64,139816,80669,1283,1375,2402,0.9176,1.7045,1.2055
trace files/085.gcc.din,16384,4,128,139816,80669,1770,912,2554,1.2659,1.1305,1.2164
trace files/085.gcc.din,16384,8,16,139816,80669,1506,4711,5193,1.0771,5.8399,2.8197
trace files/085.gcc.din,16384,8,32,139816,80669,1161,2514,3163,0.8304,3.1164,1.6668
trace files/085.gcc.din,16384,8,64,139816,80669,1066,1356,2166,0.7624,1.6809,1.0985
trace files/085.gcc.din,16384,8,128,139816,80669,1200,747,1819,0.8583,0.9260,0.8831
trace files/085.gcc.din,32768,1,16,139816,80669,3136,4865,6040,2.2429,6.0308,3.6288
trace files/085.gcc.din,32768,1,32,139816,80669,3309,2664,4950,2.3667,3.3024,2.7090
trace files/085.gcc.din,32768,1,64,139816,80669,3942,1555,4985,2.8194,1.9276,2.4931
trace files/085.gcc.din,32768,1,128,139816,80669,5182,1082,6008,3.7063,1.3413,2.8410
trace files/085.gcc.din,32768,2,16,139816,80669,1254,4696,3939,0.8969,5.8213,2.6986
trace files/085.gcc.din,32768,2,32,139816,80669,958,2496,2430,0.6852,3.0941,1.5665
trace files/085.gcc.din,32768,2,64,139816,80669,873,1341,1702,0.6244,1.6623,1.0041
trace files/085.gcc.din,32768,2,128,139816,80669,849,733,1326,0.6072,0.9087,0.7175
trace files/085.gcc.din,32768,4,16,139816,80669,1138,4691,3789,0.8139,5.8151,2.6437
trace files/085.gcc.din,32768,4,32,139816,80669,828,2492,2296,0.5922,3.0892,1.5058
trace files/085.gcc.din,32768,4,64,139816,80669,683,1330,1501,0.4885,1.6487,0.9130
trace files/085.gcc.din,32768,4,128,139816,80669,549,710,1003,0.3927,0.8801,0.5710
trace files/085.gcc.din,32768,8,16,139816,80669,1002,4685,3639,0.7167,5.8077,2.5793
trace files/085.gcc.din,32768,8,32,139816,80669,717,2492,2185,0.5128,3.0892,1.4554
trace files/085.gcc.din,32768,8,64,139816,80669,557,1329,1374,0.3984,1.6475,0.8554
trace files/085.gcc.din,32768,8,128,139816,80669,450,709,903,0.3219,0.8789,0.5257
trace files/085.gcc.din,65536,1,16,139816,80669,1393,4737,2792,0.9963,5.8721,2.7802
trace files/085.gcc.din,65536,1,32,139816,80669,1545,2543,2332,1.1050,3.1524,1.8541
trace files/085.gcc.din,65536,1,64,139816,80669,1838,1410,2335,1.3146,1.7479,1.4731
trace files/085.gcc.din,65536,1,128,139816,80669,2131,851,2505,1.5241,1.0549,1.3525
trace files/085.gcc.din,65536,2,16,139816,80669,990,4689,2234,0.7081,5.8126,2.5757
trace files/085.gcc.din,65536,2,32,139816,80669,714,2488,1379,0.5107,3.0842,1.4523
trace files/085.gcc.din,65536,2,64,139816,80669,568,1330,956,0.4062,1.6487,0.8608
trace files/085.gcc.din,65536,2,128,139816,80669,495,720,729,0.3540,0.8925,0.5511
trace files/085.gcc.din,65536,4,16,139816,80669,813,4680,1901,0.5815,5.8015,2.4913
trace files/085.gcc.din,65536,4,32,139816,80669,524,2484,1102,0.3748,3.0792,1.3643
trace files/085.gcc.din,65536,4,64,139816,80669,355,1320,690,0.2539,1.6363,0.7597
trace files/085.gcc.din,65536,4,128,139816,80669,241,699,432,0.1724,0.8665,0.4263
trace files/085.gcc.din,65536,8,16,139816,80669,767,4680,1775,0.5486,5.8015,2.4705
trace files/085.gcc.din,65536,8,32,139816,80669,487,2484,1028,0.3483,3.0792,1.3475
trace files/085.gcc.din,65536,8,64,139816,80669,328,1320,643,0.2346,1.6363,0.7474
trace files/085.gcc.din,65536,8,128,139816,80669,225,699,414,0.1609,0.8665,0.4191
